{
	"results" : [
		{
			"_id" : "height-weight",
			"value" : {
				"maleAvgHeight" : 167.0800817221449,
				"maleAvgWeight" : 70.0018078532988,
				"femaleAvgHeight" : 167.12617499498276,
				"femaleAvgWeight" : 70.11384105960275
			}
		}
	],
	"ok" : 1
}
